Department,No,Yes
Human Resources,80.95238095238095,19.047619047619047
Research & Development,86.16024973985432,13.839750260145681
Sales,79.37219730941703,20.62780269058296
