JobRole,No,Yes
Healthcare Representative,93.12977099236642,6.870229007633588
Human Resources,76.92307692307693,23.076923076923077
Laboratory Technician,76.06177606177607,23.93822393822394
Manager,95.09803921568627,4.901960784313726
Manufacturing Director,93.10344827586206,6.896551724137931
Research Director,97.5,2.5
Research Scientist,83.9041095890411,16.095890410958905
Sales Executive,82.51533742331289,17.484662576687114
Sales Representative,60.24096385542169,39.75903614457831
